<?xml version="1.0" encoding="utf-8"?>
<log4net>
  <appender name="ConsoleAppender" type="log4net.Appender.ConsoleAppender">
    <layout type="log4net.Layout.PatternLayout">
      <conversionPattern value="%date [%thread] %-5level %logger - %message%newline" />
    </layout>
  </appender>
  <appender name="FileAppender" type="log4net.Appender.RollingFileAppender">
    <file value="logs/admincontrol.log" />
    <appendToFile value="true" />
    <rollingStyle value="Size" />
    <maxSizeRollBackups value="5" />
    <maximumFileSize value="10MB" />
    <staticLogFileName value="true" />
    <layout type="log4net.Layout.PatternLayout">
      <conversionPattern value="%date [%thread] %-5level %logger - %message%newline" />
    </layout>
  </appender>
  <root>
    <level value="DEBUG" />
    <appender-ref ref="ConsoleAppender" />
    <appender-ref ref="FileAppender" />
  </root>
</log4net>
